0,1,2,3,4
"–û—á–µ–Ω—å —Å—Ä–æ—á–Ω–æ !
üè¢ –ü—Ä–æ–¥–∞–µ—Ç—Å—è 6-–∫–æ–º–Ω–∞—Ç–Ω–∞—è –∫–≤–∞—Ä—Ç–∏—Ä–∞ –≤ —ç–ª–∏—Ç–Ω–æ–º –¥–æ–º–µ –ø–ª–æ—â–∞–¥—å—é 235 –º¬≤ –≤ –ê–∑–∏—è-–ú–æ–ª–ª! 
–ö–≤–∞—Ä—Ç–∏—Ä–∞ —Ä–∞—Å–ø–æ–ª–æ–∂–µ–Ω–∞ –Ω–∞ 5 —ç—Ç–∞–∂–µ 10-—ç—Ç–∞–∂–Ω–æ–≥–æ –¥–æ–º–∞.
–í –∫–≤–∞—Ä—Ç...","6 –∏ –±–æ–ª–µ–µ –∫–æ–º–Ω–∞—Ç –∫–≤., 235 –º2, 5 —ç—Ç–∞–∂ –∏–∑ 10","–ë–∏—à–∫–µ–∫, –ê–∑–∏—è –ú–æ–ª–ª, –ß. –ê–π—Ç–º–∞—Ç–æ–≤–∞ (–ø—Ä. –ú–∏—Ä–∞) 36",$ 225 000,19 521 810 —Å–æ–º
–ü—Ä–æ–¥–∞–µ—Ç—Å—è 2—Ö –∫–æ–º–Ω–∞—Ç–Ω–∞—è –∫–≤–∞—Ä—Ç–∏—Ä–∞ –≤ –æ–¥–Ω–æ–ø–æ–¥—ä–µ–∑–¥–Ω–æ–º –∫–ª—É–±–Ω–æ–º –¥–æ–º–µ –≤ –î–∂–∞–ª–µ. –°–æ–ª–Ω–µ—á–Ω–∞—è —Å—Ç–æ—Ä–æ–Ω–∞. –î–æ–º –ø–æ—Å—Ç—Ä–æ–µ–Ω –æ—á–µ–Ω—å –∫–∞—á–µ—Å—Ç–≤–µ–Ω–Ω–æ. –û–∫–Ω–∞ 5 –∫–∞–º–µ—Ä–Ω—ã–µ —Å –º—É–ª—å—Ç–∏—Ñ—É–Ω–∫...,"2-–∫–æ–º–Ω. –∫–≤., 70 –º2, 6 —ç—Ç–∞–∂ –∏–∑ 9","–ë–∏—à–∫–µ–∫, –ë–∞—Ö–∞",$ 77 000,6 680 797 —Å–æ–º
"–ø—Ä–æ–¥–∞–µ—Ç—Å—è –º–µ–±–ª–∏—Ä–æ–≤–∞–Ω–Ω–∞—è –∫–≤–∞—Ä—Ç–∏—Ä–∞ –≤ —Ü–µ–Ω—Ç—Ä–µ –≥–æ—Ä–æ–¥–∞ 90 –∫–≤ –º 
—Ä–∞–π–æ–Ω –±—É–ª—å–≤–∞—Ä –≠—Ä–∫–∏–Ω–¥–∏–∫/–ë–æ–∫–æ–Ω–±–∞–µ–≤–æ 

2—Ö –∫–æ–º–Ω–∞—Ç–Ω–∞—è: –±–æ–ª—å—à–∞—è —Å–æ–ª–Ω–µ—á–Ω–∞—è —Å—Ç—É–¥–∏—è –∑–∞–ª —Å –æ—Ç–∫—Ä—ã—Ç–æ–π...","2-–∫–æ–º–Ω. –∫–≤., 90 –º2, 8 —ç—Ç–∞–∂ –∏–∑ 10","–ë–∏—à–∫–µ–∫, –ó–æ–ª–æ—Ç–æ–π –∫–≤–∞–¥—Ä–∞—Ç, –û–†–û–ó–ë–ï–ö–û–í–ê 1/–õ–ò–ù–ï–ô–ù–ê–Ø",$ 130 000,11 279 268 —Å–æ–º
,"2-–∫–æ–º–Ω. –∫–≤., 69 –º2, 12 —ç—Ç–∞–∂ –∏–∑ 13","–ë–∏—à–∫–µ–∫, –°—Ä–µ–¥–Ω–∏–π –î–∂–∞–ª –º-–Ω, –º–∫—Ä. –î–∂–∞–ª-23 10",$ 67 000,5 813 161 —Å–æ–º
"–°—Ä–æ—á–Ω–æ!!! –ü—Ä–æ–¥–∞—é 3—Ö –∫–æ–º–Ω–∞—Ç–Ω—É—é –∫–≤–∞—Ä—Ç–∏—Ä—É –≤ —Ü–µ–Ω—Ç—Ä–µ –≥–æ—Ä–æ–¥–∞. –ê–¥—Ä–µ—Å: –ò–±—Ä–∞–∏–º–æ–≤–∞ 35/ –º–æ—Å–∫–æ–≤—Å–∫–∞—è 
–°—Ä–µ–¥–Ω–∏–π —Ä–µ–º–æ–Ω—Ç, 106 —Å–µ—Ä–∏—è. –ö–≤–∞—Ä—Ç–∏—Ä–∞ —É—Ç–µ–ø–ª–µ–Ω–∞ —Å –æ–±–µ–∏—Ö —Å—Ç–æ—Ä–æ–Ω,...","3-–∫–æ–º–Ω. –∫–≤., 70 –º2, 8 —ç—Ç–∞–∂ –∏–∑ 9","–ë–∏—à–∫–µ–∫, –¶–µ–Ω—Ç—Ä–∞–ª—å–Ω–∞—è –º–µ—á–µ—Ç—å",$ 82 000,7 114 615 —Å–æ–º
"–°–†–û–ß–ù–û –ü–†–û–î–ê–Æ 3—Ö –∫–æ–º–Ω–∞—Ç–Ω—ã–π –∫–≤–∞—Ä—Ç–∏—Ä–∞ üî•üî•üî•üî•üî•üî•üî•üî•üî•üî•üî•üî•üî•üî•üî•–Ω–∞ –æ–±–º–µ–Ω 78,000$...","3-–∫–æ–º–Ω. –∫–≤., 94 –º2, 8 —ç—Ç–∞–∂ –∏–∑ 10","–ë–∏—à–∫–µ–∫, –î–∂–∞–ª 15 –º-–Ω, –ê–•–£–ù–ë–ê–ï–í–ê 284/1 –î–ñ–ê–õ 15/–±–∞—Ö–∞",$ 75 000,6 507 270 —Å–æ–º
"üî•üî•üî•–°—Ä–æ—á–Ω–æ –ü—Ä–æ–¥–∞–µ—Ç—Å—è —à–∏–∫–∞—Ä–Ω–∞—è 3 -—Ö –∫–æ–º–Ω–∞—Ç–Ω–∞—è –∫–≤–∞—Ä—Ç–∏—Ä–∞ —Å—Ç—É–¥–∏—è —Å –¥–∏–∑–∞–π–Ω–µ—Ä—Å–∫–∏–º —Ä–µ–º–æ–Ω—Ç–æ–º 
–£–¥–æ–±–Ω–∞—è —É–º–Ω–∞—è –ø–ª–∞–Ω–∏—Ä–æ–≤–∫–∞ , –ø–æ–¥–æ–π–¥–µ—Ç –¥–ª—è –ª—é–±–æ–π —Å–µ–º—å–∏ 
–†–µ–º–æ–Ω—Ç –¥–µ–ª–∞–ª...","2-–∫–æ–º–Ω. –∫–≤., 65 –º2, 8 —ç—Ç–∞–∂ –∏–∑ 14","–ë–∏—à–∫–µ–∫, –î–∂–∞–ª 15 –º-–Ω, –ê—Ö—É–Ω–±–∞–µ–≤–∞/–¢—ã–Ω–∞–ª–∏–µ–≤–∞",$ 93 500,8 112 397 —Å–æ–º
"–ø—Ä–æ–¥–∞–µ—Ç—Å—è 3 –∫–æ–º–Ω–∞—Ç–Ω–∞—è –∫–≤–∞—Ä—Ç–∏—Ä–∞ 104 —Å–µ—Ä–∏–∏ –ø–æ—Å–ª–µ –∫–∞–ø–∏—Ç–∞–ª—å–Ω–æ–≥–æ —Ä–µ–º–æ–Ω—Ç–∞ (–ø—Ä–æ–≤–æ–¥–∫–∞ —ç–ª–µ–∫—Ç—Ä–∏—á–µ—Å—Ç–≤–∞ —Å –Ω—É–ª—è, –∑–∞–º–µ–Ω–∞ —Ü–µ–Ω—Ç—Ä–∞–ª—å–Ω—ã—Ö –∏ –≤–Ω—É—Ç—Ä–µ–Ω–Ω–∏—Ö —Ç—Ä—É–± –≥–æ—Ä—è—á–µ–π, —Ö–æ–ª–æ...","3-–∫–æ–º–Ω. –∫–≤., 58 –º2, 2 —ç—Ç–∞–∂ –∏–∑ 4","–ë–∏—à–∫–µ–∫, 4 –º-–Ω 33",$ 79 000,6 854 324 —Å–æ–º
"–ü—Ä–µ–¥—Å—Ç–∞–≤–ª—è–µ–º –≤–∞–º —É–Ω–∏–∫–∞–ª—å–Ω—É—é –≤–æ–∑–º–æ–∂–Ω–æ—Å—Ç—å —Å—Ç–∞—Ç—å –≤–ª–∞–¥–µ–ª—å—Ü–µ–º —ç—Ç–æ–≥–æ –ø—Ä–µ–∫—Ä–∞—Å–Ω–æ–≥–æ –¥–≤—É—Ö—ç—Ç–∞–∂–Ω–æ–≥–æ –¥–æ–º–∞ –≤ –∂–∏–≤–æ–ø–∏—Å–Ω–æ–π —é–∂–Ω–æ–π —á–∞—Å—Ç–∏ –≥–æ—Ä–æ–¥–∞ –ë–∏—à–∫–µ–∫, –ö–∏—Ä–≥–∏–∑–∏—è. –≠—Ç–æ—Ç –ø—Ä...","–î–æ–º, 5-–∫–æ–º–Ω., 242 –º2","–ë–∏—à–∫–µ–∫, –ö–∏—Ä–≥–∏–∑–∏—è 1 –∂/–º, –´–±—ã—Ä–∞–π–º–∞ –ê–±–¥—Ä–∞—Ö–º–∞–Ω–æ–≤–∞ 30–∞",$ 280 000,24 293 808 —Å–æ–º
,"–î–æ–º, 4-–∫–æ–º–Ω., 100 –º2","–û—à—Å–∫–∞—è –æ–±–ª–∞—Å—Ç—å, –û—à, –∫–∏—á–∏ —Ç”©–ª”©–π–∫”©–Ω",$ 43 000,3 730 835 —Å–æ–º
